,A,0,2,0,1,
,C,1,3,0,2,
,U,2,4,0,3,
,G,3,5,0,4,
,A,4,6,0,5,
,G,5,7,0,6,
,G,6,8,12,7,
,G,7,9,26,8,
,G,8,10,0,9,
,C,9,11,20,10,
,A,10,12,0,11,
,C,11,13,7,12,
,C,12,14,0,13,
,A,13,15,0,14,
,G,14,16,0,15,
,A,15,17,0,16,
,G,16,18,37,17,
,G,17,19,0,18,
,A,18,20,0,19,
,G,19,21,10,20,
,C,20,22,42,21,
,A,21,23,0,22,
,G,22,24,0,23,
,A,23,25,0,24,
,C,24,26,35,25,
,U,25,27,8,26,
,A,26,28,0,27,
,C,27,29,47,28,
,A,28,30,0,29,
,A,29,31,0,30,
,G,30,32,0,31,
,A,31,33,0,32,
,A,32,34,54,33,
,U,33,35,0,34,
,G,34,36,25,35,
,G,35,37,0,36,
,C,36,38,17,37,
,A,37,39,0,38,
,C,38,40,0,39,
,A,39,41,0,40,
,C,40,42,0,41,
,G,41,43,21,42,
,C,42,44,72,43,
,U,43,45,62,44,
,A,44,46,0,45,
,U,45,47,79,46,
,G,46,48,28,47,
,G,47,49,56,48,
,A,48,50,75,49,
,A,49,51,80,50,
,A,50,52,0,51,
,A,51,53,0,52,
,C,52,54,0,53,
,U,53,55,33,54,
,C,54,56,90,55,
,C,55,57,48,56,
,U,56,58,0,57,
,G,57,59,0,58,
,G,58,60,0,59,
,A,59,61,0,60,
,C,60,62,0,61,
,A,61,63,44,62,
,A,62,64,0,63,
,U,63,65,0,64,
,C,64,66,0,65,
,A,65,67,94,66,
,G,66,68,0,67,
,U,67,69,0,68,
,A,68,70,101,69,
,A,69,71,82,70,
,A,70,72,0,71,
,G,71,73,43,72,
,A,72,74,0,73,
,G,73,75,115,74,
,U,74,76,49,75,
,A,75,77,83,76,
,C,76,78,0,77,
,C,77,79,0,78,
,A,78,80,46,79,
,U,79,81,50,80,
,A,80,82,0,81,
,U,81,83,70,82,
,U,82,84,76,83,
,G,83,85,0,84,
,A,84,86,100,85,
,U,85,87,0,86,
,G,86,88,0,87,
,A,87,89,0,88,
,A,88,90,0,89,
,G,89,91,55,90,
,A,90,92,106,91,
,A,91,93,0,92,
,G,92,94,0,93,
,U,93,95,66,94,
,G,94,96,0,95,
,G,95,97,0,96,
,G,96,98,240,97,
,C,97,99,0,98,
,U,98,100,112,99,
,U,99,101,85,100,
,U,100,102,69,101,
,G,101,103,130,102,
,C,102,104,0,103,
,U,103,105,0,104,
,C,104,106,260,105,
,U,105,107,91,106,
,G,106,108,0,107,
,C,107,109,120,108,
,C,108,110,0,109,
,A,109,111,0,110,
,A,110,112,0,111,
,A,111,113,99,112,
,U,112,114,123,113,
,C,113,115,152,114,
,C,114,116,74,115,
,A,115,117,0,116,
,C,116,118,148,117,
,A,117,119,0,118,
,G,118,120,0,119,
,G,119,121,108,120,
,A,120,122,0,121,
,A,121,123,0,122,
,A,122,124,113,123,
,A,123,125,0,124,
,U,124,126,0,125,
,C,125,127,144,126,
,U,126,128,222,127,
,A,127,129,143,128,
,C,128,130,0,129,
,C,129,131,102,130,
,U,130,132,0,131,
,G,131,133,0,132,
,A,132,134,0,133,
,U,133,135,141,134,
,U,134,136,0,135,
,U,135,137,0,136,
,U,136,138,0,137,
,U,137,139,142,138,
,A,138,140,178,139,
,U,139,141,0,140,
,A,140,142,134,141,
,A,141,143,138,142,
,U,142,144,128,143,
,G,143,145,126,144,
,A,144,146,154,145,
,C,145,147,174,146,
,U,146,148,0,147,
,G,147,149,117,148,
,G,148,150,172,149,
,A,149,151,0,150,
,U,150,152,184,151,
,G,151,153,114,152,
,U,152,154,182,153,
,U,153,155,145,154,
,C,154,156,0,155,
,A,155,157,217,156,
,U,156,158,0,157,
,U,157,159,231,158,
,G,158,160,192,159,
,C,159,161,183,160,
,U,160,162,0,161,
,A,161,163,0,162,
,A,162,164,0,163,
,A,163,165,169,164,
,C,164,166,305,165,
,A,165,167,0,166,
,U,166,168,0,167,
,C,167,169,190,168,
,U,168,170,164,169,
,G,169,171,0,170,
,C,170,172,212,171,
,C,171,173,149,172,
,U,172,174,211,173,
,G,173,175,146,174,
,A,174,176,209,175,
,U,175,177,0,176,
,C,176,178,185,177,
,U,177,179,139,178,
,C,178,180,205,179,
,A,179,181,188,180,
,U,180,182,0,181,
,A,181,183,153,182,
,G,182,184,160,183,
,A,183,185,151,184,
,G,184,186,177,185,
,U,185,187,220,186,
,C,186,188,0,187,
,U,187,189,180,188,
,G,188,190,0,189,
,G,189,191,168,190,
,C,190,192,215,191,
,C,191,193,159,192,
,A,192,194,216,193,
,G,193,195,0,194,
,C,194,196,207,195,
,U,195,197,214,196,
,U,196,198,0,197,
,C,197,199,0,198,
,G,198,200,0,199,
,A,199,201,0,200,
,G,200,202,237,201,
,A,201,203,0,202,
,A,202,204,223,203,
,A,203,205,0,204,
,G,204,206,179,205,
,A,205,207,0,206,
,G,206,208,195,207,
,U,207,209,0,208,
,U,208,210,175,209,
,G,209,211,227,210,
,A,210,212,173,211,
,G,211,213,171,212,
,A,212,214,0,213,
,A,213,215,196,214,
,G,214,216,191,215,
,U,215,217,193,216,
,U,216,218,156,217,
,A,217,219,0,218,
,A,218,220,0,219,
,A,219,221,186,220,
,C,220,222,0,221,
,A,221,223,127,222,
,U,222,224,203,223,
,G,223,225,230,224,
,C,224,226,0,225,
,U,225,227,0,226,
,C,226,228,210,227,
,A,227,229,0,228,
,G,228,230,251,229,
,C,229,231,224,230,
,A,230,232,158,231,
,U,231,233,0,232,
,U,232,234,0,233,
,G,233,235,0,234,
,A,234,236,0,235,
,U,235,237,253,236,
,C,236,238,201,237,
,A,237,239,0,238,
,U,238,240,0,239,
,C,239,241,97,240,
,U,240,242,252,241,
,C,241,243,0,242,
,A,242,244,0,243,
,C,243,245,0,244,
,A,244,246,0,245,
,G,245,247,273,246,
,A,246,248,0,247,
,C,247,249,254,248,
,C,248,250,0,249,
,A,249,251,0,250,
,C,250,252,229,251,
,A,251,253,241,252,
,A,252,254,236,253,
,G,253,255,248,254,
,U,254,256,0,255,
,C,255,257,262,256,
,A,256,258,0,257,
,C,257,259,267,258,
,A,258,260,0,259,
,G,259,261,105,260,
,C,260,262,271,261,
,G,261,263,256,262,
,C,262,264,0,263,
,C,263,265,0,264,
,U,264,266,0,265,
,U,265,267,0,266,
,G,266,268,258,267,
,C,267,269,0,268,
,A,268,270,0,269,
,C,269,271,0,270,
,G,270,272,261,271,
,U,271,273,0,272,
,C,272,274,246,273,
,U,273,275,0,274,
,A,274,276,0,275,
,G,275,277,0,276,
,U,276,278,0,277,
,U,277,279,288,278,
,C,278,280,308,279,
,U,279,281,294,280,
,G,280,282,365,281,
,G,281,283,0,282,
,G,282,284,0,283,
,A,283,285,0,284,
,U,284,286,0,285,
,G,285,287,0,286,
,C,286,288,303,287,
,A,287,289,278,288,
,U,288,290,0,289,
,C,289,291,0,290,
,A,290,292,0,291,
,C,291,293,0,292,
,C,292,294,309,293,
,A,293,295,280,294,
,U,294,296,313,295,
,G,295,297,318,296,
,G,296,298,0,297,
,C,297,299,316,298,
,A,298,300,0,299,
,U,299,301,0,300,
,A,300,302,306,301,
,U,301,303,323,302,
,G,302,304,287,303,
,U,303,305,314,304,
,G,304,306,165,305,
,U,305,307,301,306,
,G,306,308,0,307,
,G,307,309,279,308,
,G,308,310,293,309,
,G,309,311,0,310,
,C,310,312,315,311,
,A,311,313,0,312,
,A,312,314,295,313,
,A,313,315,304,314,
,G,314,316,311,315,
,G,315,317,298,316,
,U,316,318,0,317,
,C,317,319,296,318,
,A,318,320,0,319,
,U,319,321,0,320,
,G,320,322,0,321,
,G,321,323,0,322,
,A,322,324,302,323,
,G,323,325,338,324,
,A,324,326,0,325,
,U,325,327,351,326,
,G,326,328,0,327,
,U,327,329,333,328,
,C,328,330,341,329,
,C,329,331,346,330,
,G,330,332,0,331,
,U,331,333,0,332,
,A,332,334,328,333,
,A,333,335,0,334,
,G,334,336,0,335,
,G,335,337,0,336,
,U,336,338,0,337,
,C,337,339,324,338,
,U,338,340,0,339,
,U,339,341,0,340,
,G,340,342,329,341,
,C,341,343,0,342,
,C,342,344,0,343,
,A,343,345,0,344,
,A,344,346,0,345,
,G,345,347,330,346,
,A,346,348,0,347,
,A,347,349,353,348,
,A,348,350,363,349,
,U,349,351,0,350,
,A,350,352,326,351,
,U,351,353,0,352,
,U,352,354,348,353,
,G,353,355,0,354,
,C,354,356,0,355,
,U,355,357,0,356,
,G,356,358,369,357,
,U,357,359,0,358,
,U,358,360,0,359,
,C,359,361,0,360,
,C,360,362,0,361,
,U,361,363,0,362,
,U,362,364,349,363,
,A,363,365,0,364,
,C,364,366,281,365,
,U,365,367,0,366,
,G,366,368,416,367,
,C,367,369,380,368,
,C,368,370,357,369,
,A,369,371,385,370,
,A,370,372,0,371,
,C,371,373,0,372,
,U,372,374,0,373,
,C,373,375,0,374,
,U,374,376,382,375,
,C,375,377,387,376,
,C,376,378,0,377,
,A,377,379,0,378,
,A,378,380,0,379,
,G,379,381,368,380,
,A,380,382,395,381,
,A,381,383,375,382,
,A,382,384,0,383,
,C,383,385,418,384,
,U,384,386,370,385,
,G,385,387,397,386,
,G,386,388,376,387,
,A,387,389,406,388,
,A,388,390,408,389,
,C,389,391,0,390,
,U,390,392,0,391,
,G,391,393,0,392,
,C,392,394,0,393,
,C,393,395,420,394,
,U,394,396,381,395,
,C,395,397,443,396,
,C,396,398,386,397,
,U,397,399,413,398,
,A,398,400,0,399,
,U,399,401,0,400,
,U,400,402,0,401,
,U,401,403,409,402,
,U,402,404,0,403,
,G,403,405,0,404,
,G,404,406,0,405,
,U,405,407,388,406,
,U,406,408,0,407,
,U,407,409,389,408,
,A,408,410,402,409,
,U,409,411,439,410,
,G,410,412,0,411,
,C,411,413,434,412,
,A,412,414,398,413,
,G,413,415,431,414,
,A,414,416,0,415,
,C,415,417,367,416,
,U,416,418,0,417,
,G,417,419,384,418,
,U,418,420,0,419,
,G,419,421,394,420,
,U,420,422,428,421,
,C,421,423,0,422,
,U,422,424,440,423,
,U,423,425,0,424,
,G,424,426,0,425,
,G,425,427,0,426,
,C,426,428,477,427,
,A,427,429,421,428,
,A,428,430,0,429,
,A,429,431,0,430,
,C,430,432,414,431,
,U,431,433,0,432,
,G,432,434,0,433,
,G,433,435,412,434,
,A,434,436,0,435,
,A,435,437,0,436,
,G,436,438,0,437,
,A,437,439,0,438,
,A,438,440,410,439,
,A,439,441,423,440,
,A,440,442,0,441,
,A,441,443,0,442,
,G,442,444,396,443,
,G,443,445,457,444,
,A,444,446,487,445,
,U,445,447,0,446,
,C,446,448,0,447,
,C,447,449,470,448,
,U,448,450,0,449,
,A,449,451,0,450,
,A,450,452,0,451,
,U,451,453,0,452,
,A,452,454,0,453,
,A,453,455,0,454,
,G,454,456,473,455,
,C,455,457,0,456,
,C,456,458,444,457,
,C,457,459,476,458,
,C,458,460,0,459,
,U,459,461,0,460,
,G,460,462,506,461,
,A,461,463,0,462,
,C,462,464,480,463,
,U,463,465,505,464,
,U,464,466,0,465,
,A,465,467,475,466,
,U,466,468,472,467,
,G,467,469,0,468,
,A,468,470,0,469,
,G,469,471,448,470,
,A,470,472,482,471,
,A,471,473,467,472,
,C,472,474,455,473,
,A,473,475,481,474,
,U,474,476,466,475,
,G,475,477,458,476,
,G,476,478,427,477,
,A,477,479,484,478,
,C,478,480,498,479,
,G,479,481,463,480,
,U,480,482,474,481,
,U,481,483,471,482,
,U,482,484,0,483,
,U,483,485,478,484,
,G,484,486,0,485,
,U,485,487,513,486,
,U,486,488,445,487,
,C,487,489,516,488,
,U,488,490,0,489,
,C,489,491,501,490,
,A,490,492,500,491,
,U,491,493,0,492,
,U,492,494,0,493,
,U,493,495,499,494,
,C,494,496,0,495,
,G,495,497,0,496,
,U,496,498,0,497,
,G,497,499,479,498,
,A,498,500,494,499,
,U,499,501,491,500,
,G,500,502,490,501,
,G,501,503,509,502,
,A,502,504,535,503,
,G,503,505,530,504,
,A,504,506,464,505,
,C,505,507,461,506,
,U,506,508,0,507,
,G,507,509,525,508,
,C,508,510,502,509,
,A,509,511,520,510,
,G,510,512,0,511,
,U,511,513,0,512,
,A,512,514,486,513,
,A,513,515,0,514,
,A,514,516,0,515,
,G,515,517,488,516,
,G,516,518,0,517,
,A,517,519,529,518,
,U,518,520,563,519,
,U,519,521,510,520,
,C,520,522,0,521,
,U,521,523,0,522,
,U,522,524,0,523,
,C,523,525,0,524,
,C,524,526,508,525,
,U,525,527,0,526,
,G,526,528,550,527,
,G,527,529,609,528,
,U,528,530,518,529,
,C,529,531,504,530,
,U,530,532,546,531,
,C,531,533,0,532,
,U,532,534,0,533,
,C,533,535,0,534,
,U,534,536,503,535,
,A,535,537,541,536,
,U,536,538,594,537,
,U,537,539,555,538,
,G,538,540,0,539,
,G,539,541,0,540,
,U,540,542,536,541,
,G,541,543,0,542,
,G,542,544,0,543,
,A,543,545,0,544,
,A,544,546,554,545,
,A,545,547,531,546,
,U,546,548,0,547,
,A,547,549,574,548,
,G,548,550,0,549,
,C,549,551,527,550,
,A,550,552,0,551,
,G,551,553,0,552,
,C,552,554,0,553,
,U,553,555,545,554,
,G,554,556,538,555,
,C,555,557,0,556,
,U,556,558,569,557,
,U,557,559,598,558,
,C,558,560,596,559,
,U,559,561,0,560,
,G,560,562,0,561,
,C,561,563,611,562,
,A,562,564,519,563,
,A,563,565,0,564,
,U,564,566,0,565,
,C,565,567,590,566,
,A,566,568,0,567,
,A,567,569,0,568,
,A,568,570,557,569,
,G,569,571,576,570,
,U,570,572,579,571,
,A,571,573,601,572,
,A,572,574,0,573,
,U,573,575,548,574,
,U,574,576,0,575,
,C,575,577,570,576,
,C,576,578,0,577,
,U,577,579,0,578,
,A,578,580,571,579,
,C,579,581,0,580,
,U,580,582,593,581,
,G,581,583,0,582,
,U,582,584,0,583,
,A,583,585,0,584,
,U,584,586,0,585,
,U,585,587,0,586,
,C,586,588,0,587,
,A,587,589,0,588,
,A,588,590,0,589,
,G,589,591,566,590,
,G,590,592,0,591,
,C,591,593,632,592,
,A,592,594,581,593,
,A,593,595,537,594,
,U,594,596,0,595,
,G,595,597,559,596,
,C,596,598,602,597,
,A,597,599,558,598,
,A,598,600,622,599,
,A,599,601,645,600,
,U,600,602,572,601,
,G,601,603,597,602,
,C,602,604,610,603,
,A,603,605,0,604,
,A,604,606,0,605,
,G,605,607,0,606,
,A,606,608,634,607,
,A,607,609,0,608,
,C,608,610,528,609,
,G,609,611,603,610,
,G,610,612,562,611,
,G,611,613,719,612,
,A,612,614,619,613,
,C,613,615,671,614,
,A,614,616,0,615,
,C,615,617,669,616,
,U,616,618,629,617,
,U,617,619,0,618,
,U,618,620,613,619,
,G,619,621,651,620,
,C,620,622,635,621,
,U,621,623,599,622,
,A,622,624,647,623,
,A,623,625,0,624,
,A,624,626,0,625,
,G,625,627,0,626,
,G,626,628,0,627,
,C,627,629,717,628,
,G,628,630,617,629,
,C,629,631,0,630,
,U,630,632,649,631,
,G,631,633,592,632,
,U,632,634,691,633,
,U,633,635,607,634,
,G,634,636,621,635,
,G,635,637,0,636,
,A,636,638,0,637,
,A,637,639,644,638,
,A,638,640,729,639,
,U,639,641,0,640,
,A,640,642,0,641,
,G,641,643,0,642,
,C,642,644,0,643,
,U,643,645,638,644,
,U,644,646,600,645,
,C,645,647,695,646,
,U,646,648,623,647,
,U,647,649,0,648,
,G,648,650,631,649,
,C,649,651,0,650,
,U,650,652,620,651,
,U,651,653,667,652,
,G,652,654,0,653,
,G,653,655,700,654,
,A,654,656,0,655,
,G,655,657,698,656,
,A,656,658,727,657,
,A,657,659,0,658,
,A,658,660,0,659,
,G,659,661,683,660,
,C,660,662,0,661,
,C,661,663,0,662,
,C,662,664,0,663,
,U,663,665,0,664,
,U,664,666,0,665,
,C,665,667,0,666,
,A,666,668,652,667,
,A,667,669,0,668,
,G,668,670,616,669,
,U,669,671,0,670,
,G,670,672,614,671,
,U,671,673,0,672,
,U,672,674,0,673,
,U,673,675,0,674,
,C,674,676,0,675,
,A,675,677,0,676,
,C,676,678,0,677,
,C,677,679,743,678,
,A,678,680,0,679,
,A,679,681,0,680,
,A,680,682,0,681,
,U,681,683,707,682,
,C,682,684,660,683,
,C,683,685,693,684,
,A,684,686,0,685,
,C,685,687,0,686,
,G,686,688,0,687,
,A,687,689,0,688,
,U,688,690,0,689,
,C,689,691,0,690,
,A,690,692,633,691,
,U,691,693,0,692,
,G,692,694,684,693,
,U,693,695,0,694,
,G,694,696,646,695,
,A,695,697,0,696,
,A,696,698,0,697,
,C,697,699,656,698,
,C,698,700,739,699,
,C,699,701,654,700,
,A,700,702,0,701,
,A,701,703,0,702,
,A,702,704,0,703,
,A,703,705,0,704,
,G,704,706,754,705,
,C,705,707,0,706,
,A,706,708,682,707,
,U,707,709,0,708,
,U,708,710,0,709,
,U,709,711,0,710,
,U,710,712,726,711,
,U,711,713,0,712,
,C,712,714,748,713,
,A,713,715,0,714,
,G,714,716,0,715,
,U,715,717,794,716,
,G,716,718,628,717,
,U,717,719,0,718,
,U,718,720,612,719,
,C,719,721,0,720,
,U,720,722,0,721,
,U,721,723,0,722,
,C,722,724,0,723,
,G,723,725,0,724,
,C,724,726,776,725,
,A,725,727,711,726,
,U,726,728,657,727,
,A,727,729,0,728,
,U,728,730,639,729,
,A,729,731,0,730,
,U,730,732,0,731,
,U,731,733,0,732,
,U,732,734,0,733,
,G,733,735,741,734,
,U,734,736,782,735,
,C,735,737,758,736,
,U,736,738,0,737,
,G,737,739,0,738,
,G,738,740,699,739,
,C,739,741,0,740,
,U,740,742,734,741,
,G,741,743,763,742,
,G,742,744,678,743,
,A,743,745,0,744,
,A,744,746,0,745,
,A,745,747,0,746,
,G,746,748,752,747,
,G,747,749,713,748,
,C,748,750,769,749,
,A,749,751,786,750,
,A,750,752,0,751,
,C,751,753,747,752,
,C,752,754,0,753,
,C,753,755,705,754,
,C,754,756,0,755,
,C,755,757,0,756,
,A,756,758,0,757,
,G,757,759,736,758,
,C,758,760,795,759,
,U,759,761,1174,760,
,A,760,762,0,761,
,U,761,763,766,762,
,C,762,764,742,763,
,A,763,765,772,764,
,G,764,766,771,765,
,A,765,767,762,766,
,C,766,768,784,767,
,G,767,769,0,768,
,G,768,770,749,769,
,U,769,771,0,770,
,C,770,772,765,771,
,U,771,773,764,772,
,G,772,774,0,773,
,G,773,775,0,774,
,U,774,776,0,775,
,G,775,777,725,776,
,U,776,778,0,777,
,A,777,779,0,778,
,U,778,780,0,779,
,G,779,781,0,780,
,A,780,782,0,781,
,A,781,783,735,782,
,G,782,784,0,783,
,G,783,785,767,784,
,G,784,786,807,785,
,U,785,787,750,786,
,U,786,788,0,787,
,C,787,789,813,788,
,U,788,790,801,789,
,G,789,791,799,790,
,G,790,792,0,791,
,G,791,793,0,792,
,A,792,794,0,793,
,A,793,795,716,794,
,G,794,796,759,795,
,A,795,797,862,796,
,C,796,798,0,797,
,C,797,799,826,798,
,C,798,800,790,799,
,A,799,801,0,800,
,A,800,802,789,801,
,A,801,803,0,802,
,G,802,804,856,803,
,G,803,805,0,804,
,A,804,806,0,805,
,G,805,807,0,806,
,U,806,808,785,807,
,U,807,809,0,808,
,U,808,810,822,809,
,G,809,811,0,810,
,C,810,812,835,811,
,A,811,813,838,812,
,G,812,814,788,813,
,G,813,815,0,814,
,G,814,816,956,815,
,G,815,817,0,816,
,G,816,818,848,817,
,C,817,819,0,818,
,A,818,820,0,819,
,G,819,821,870,820,
,U,820,822,0,821,
,G,821,823,809,822,
,C,822,824,832,823,
,A,823,825,0,824,
,G,824,826,833,825,
,G,825,827,798,826,
,C,826,828,0,827,
,C,827,829,855,828,
,A,828,830,0,829,
,A,829,831,0,830,
,A,830,832,0,831,
,G,831,833,823,832,
,C,832,834,825,833,
,A,833,835,849,834,
,G,834,836,811,835,
,C,835,837,0,836,
,G,836,838,857,837,
,U,837,839,812,838,
,C,838,840,865,839,
,U,839,841,0,840,
,U,840,842,0,841,
,U,841,843,0,842,
,C,842,844,0,843,
,A,843,845,0,844,
,G,844,846,850,845,
,U,845,847,874,846,
,G,846,848,0,847,
,C,847,849,817,848,
,U,848,850,834,849,
,U,849,851,845,850,
,U,850,852,0,851,
,G,851,853,858,852,
,A,852,854,0,853,
,C,853,855,0,854,
,G,854,856,828,855,
,U,855,857,803,856,
,C,856,858,837,857,
,C,857,859,852,858,
,U,858,860,890,859,
,G,859,861,0,860,
,C,860,862,0,861,
,U,861,863,796,862,
,G,862,864,880,863,
,G,863,865,877,864,
,G,864,866,839,865,
,C,865,867,929,866,
,A,866,868,0,867,
,U,867,869,885,868,
,C,868,870,0,869,
,C,869,871,820,870,
,A,870,872,938,871,
,G,871,873,0,872,
,C,872,874,0,873,
,A,873,875,846,874,
,G,874,876,881,875,
,A,875,877,0,876,
,C,876,878,864,877,
,U,877,879,887,878,
,G,878,880,0,879,
,C,879,881,863,880,
,U,880,882,875,881,
,G,881,883,0,882,
,G,882,884,0,883,
,U,883,885,0,884,
,G,884,886,868,885,
,G,885,887,941,886,
,A,886,888,878,887,
,G,887,889,0,888,
,G,888,890,0,889,
,A,889,891,859,890,
,C,890,892,912,891,
,A,891,893,0,892,
,U,892,894,0,893,
,G,893,895,914,894,
,C,894,896,911,895,
,U,895,897,0,896,
,G,896,898,0,897,
,C,897,899,0,898,
,U,898,900,0,899,
,C,899,901,0,900,
,A,900,902,0,901,
,G,901,903,0,902,
,U,902,904,946,903,
,U,903,905,0,904,
,C,904,906,0,905,
,C,905,907,919,906,
,U,906,908,0,907,
,C,907,909,917,908,
,C,908,910,0,909,
,A,909,911,0,910,
,G,910,912,895,911,
,G,911,913,891,912,
,A,912,914,0,913,
,C,913,915,894,914,
,A,914,916,926,915,
,U,915,917,0,916,
,G,916,918,908,917,
,A,917,919,0,918,
,G,918,920,906,919,
,A,919,921,949,920,
,A,920,922,0,921,
,G,921,923,931,922,
,A,922,924,0,923,
,U,923,925,0,924,
,A,924,926,0,925,
,U,925,927,915,926,
,A,926,928,0,927,
,U,927,929,0,928,
,G,928,930,866,929,
,C,929,931,943,930,
,C,930,932,922,931,
,A,931,933,0,932,
,C,932,934,953,933,
,C,933,935,0,934,
,A,934,936,0,935,
,G,935,937,0,936,
,C,936,938,955,937,
,U,937,939,871,938,
,C,938,940,0,939,
,A,939,941,960,940,
,C,940,942,886,941,
,A,941,943,952,942,
,G,942,944,930,943,
,G,943,945,950,944,
,A,944,946,0,945,
,A,945,947,903,946,
,C,946,948,0,947,
,U,947,949,0,948,
,U,948,950,920,949,
,C,949,951,944,950,
,C,950,952,982,951,
,U,951,953,942,952,
,G,952,954,933,953,
,U,953,955,962,954,
,G,954,956,937,955,
,C,955,957,815,956,
,U,956,958,0,957,
,C,957,959,0,958,
,A,958,960,0,959,
,U,959,961,940,960,
,U,960,962,0,961,
,A,961,963,954,962,
,G,962,964,0,963,
,A,963,965,979,964,
,G,964,966,1013,965,
,U,965,967,0,966,
,C,966,968,990,967,
,A,967,969,0,968,
,A,968,970,0,969,
,A,969,971,0,970,
,U,970,972,977,971,
,C,971,973,1005,972,
,C,972,974,0,973,
,C,973,975,0,974,
,U,974,976,0,975,
,C,975,977,0,976,
,A,976,978,971,977,
,G,977,979,1014,978,
,U,978,980,964,979,
,C,979,981,1012,980,
,C,980,982,0,981,
,G,981,983,951,982,
,U,982,984,0,983,
,G,983,985,993,984,
,A,984,986,0,985,
,G,985,987,0,986,
,U,986,988,0,987,
,U,987,989,0,988,
,U,988,990,0,989,
,G,989,991,967,990,
,U,990,992,0,991,
,C,991,993,1002,992,
,C,992,994,984,993,
,U,993,995,0,994,
,U,994,996,0,995,
,U,995,997,1006,996,
,C,996,998,1003,997,
,A,997,999,0,998,
,A,998,1000,0,999,
,A,999,1001,0,1000,
,A,1000,1002,0,1001,
,G,1001,1003,992,1002,
,G,1002,1004,997,1003,
,U,1003,1005,0,1004,
,G,1004,1006,972,1005,
,A,1005,1007,996,1006,
,U,1006,1008,0,1007,
,G,1007,1009,1017,1008,
,C,1008,1010,0,1009,
,U,1009,1011,0,1010,
,G,1010,1012,0,1011,
,G,1011,1013,980,1012,
,C,1012,1014,965,1013,
,C,1013,1015,978,1014,
,U,1014,1016,1040,1015,
,G,1015,1017,0,1016,
,C,1016,1018,1008,1017,
,G,1017,1019,1024,1018,
,G,1018,1020,1047,1019,
,G,1019,1021,0,1020,
,A,1020,1022,1026,1021,
,A,1021,1023,0,1022,
,G,1022,1024,0,1023,
,C,1023,1025,1018,1024,
,U,1024,1026,0,1025,
,U,1025,1027,1021,1026,
,A,1026,1028,1048,1027,
,U,1027,1029,0,1028,
,G,1028,1030,0,1029,
,A,1029,1031,0,1030,
,C,1030,1032,1044,1031,
,G,1031,1033,0,1032,
,C,1032,1034,0,1033,
,C,1033,1035,1049,1034,
,U,1034,1036,1059,1035,
,G,1035,1037,1056,1036,
,U,1036,1038,0,1037,
,G,1037,1039,1054,1038,
,U,1038,1040,0,1039,
,G,1039,1041,1015,1040,
,A,1040,1042,0,1041,
,A,1041,1043,1070,1042,
,A,1042,1044,0,1043,
,G,1043,1045,1031,1044,
,C,1044,1046,1063,1045,
,U,1045,1047,0,1046,
,C,1046,1048,1019,1047,
,U,1047,1049,1027,1048,
,G,1048,1050,1034,1049,
,G,1049,1051,0,1050,
,U,1050,1052,0,1051,
,C,1051,1053,0,1052,
,U,1052,1054,0,1053,
,C,1053,1055,1038,1054,
,C,1054,1056,1060,1055,
,C,1055,1057,1036,1056,
,U,1056,1058,0,1057,
,G,1057,1059,0,1058,
,A,1058,1060,1035,1059,
,G,1059,1061,1055,1060,
,G,1060,1062,0,1061,
,A,1061,1063,0,1062,
,G,1062,1064,1045,1063,
,C,1063,1065,1073,1064,
,U,1064,1066,1075,1065,
,A,1065,1067,0,1066,
,C,1066,1068,1088,1067,
,C,1067,1069,0,1068,
,A,1068,1070,0,1069,
,U,1069,1071,1042,1070,
,C,1070,1072,0,1071,
,U,1071,1073,0,1072,
,G,1072,1074,1064,1073,
,C,1073,1075,0,1074,
,A,1074,1076,1065,1075,
,A,1075,1077,0,1076,
,A,1076,1078,0,1077,
,U,1077,1079,1087,1078,
,C,1078,1080,0,1079,
,G,1079,1081,0,1080,
,U,1080,1082,0,1081,
,G,1081,1083,0,1082,
,A,1082,1084,0,1083,
,C,1083,1085,0,1084,
,U,1084,1086,0,1085,
,A,1085,1087,0,1086,
,A,1086,1088,1078,1087,
,G,1087,1089,1067,1088,
,U,1088,1090,0,1089,
,A,1089,1091,0,1090,
,C,1090,1092,0,1091,
,A,1091,1093,1099,1092,
,U,1092,1094,0,1093,
,C,1093,1095,1108,1094,
,C,1094,1096,1112,1095,
,U,1095,1097,0,1096,
,G,1096,1098,0,1097,
,A,1097,1099,0,1098,
,U,1098,1100,1092,1099,
,U,1099,1101,0,1100,
,C,1100,1102,1124,1101,
,C,1101,1103,0,1102,
,U,1102,1104,1128,1103,
,G,1103,1105,0,1104,
,C,1104,1106,0,1105,
,A,1105,1107,0,1106,
,A,1106,1108,0,1107,
,G,1107,1109,1094,1108,
,C,1108,1110,1115,1109,
,C,1109,1111,0,1110,
,A,1110,1112,0,1111,
,G,1111,1113,1095,1112,
,C,1112,1114,0,1113,
,A,1113,1115,0,1114,
,G,1114,1116,1109,1115,
,C,1115,1117,1140,1116,
,C,1116,1118,0,1117,
,A,1117,1119,0,1118,
,A,1118,1120,0,1119,
,A,1119,1121,0,1120,
,G,1120,1122,1144,1121,
,G,1121,1123,0,1122,
,A,1122,1124,0,1123,
,G,1123,1125,1101,1124,
,A,1124,1126,0,1125,
,A,1125,1127,0,1126,
,U,1126,1128,0,1127,
,A,1127,1129,1103,1128,
,A,1128,1130,0,1129,
,G,1129,1131,0,1130,
,A,1130,1132,0,1131,
,C,1131,1133,0,1132,
,C,1132,1134,0,1133,
,U,1133,1135,0,1134,
,C,1134,1136,0,1135,
,U,1135,1137,0,1136,
,G,1136,1138,1160,1137,
,A,1137,1139,0,1138,
,A,1138,1140,0,1139,
,G,1139,1141,1116,1140,
,A,1140,1142,0,1141,
,C,1141,1143,0,1142,
,C,1142,1144,0,1143,
,C,1143,1145,1121,1144,
,U,1144,1146,1156,1145,
,U,1145,1147,0,1146,
,C,1146,1148,0,1147,
,A,1147,1149,0,1148,
,A,1148,1150,0,1149,
,A,1149,1151,1169,1150,
,A,1150,1152,0,1151,
,C,1151,1153,0,1152,
,U,1152,1154,1162,1153,
,G,1153,1155,0,1154,
,G,1154,1156,0,1155,
,A,1155,1157,1145,1156,
,A,1156,1158,0,1157,
,G,1157,1159,1175,1158,
,C,1158,1160,0,1159,
,C,1159,1161,1137,1160,
,A,1160,1162,0,1161,
,A,1161,1163,1153,1162,
,A,1162,1164,0,1163,
,G,1163,1165,0,1164,
,G,1164,1166,0,1165,
,A,1165,1167,0,1166,
,A,1166,1168,1181,1167,
,C,1167,1169,1179,1168,
,U,1168,1170,1150,1169,
,G,1169,1171,0,1170,
,G,1170,1172,0,1171,
,A,1171,1173,0,1172,
,G,1172,1174,0,1173,
,G,1173,1175,760,1174,
,C,1174,1176,1158,1175,
,A,1175,1177,0,1176,
,C,1176,1178,0,1177,
,U,1177,1179,1184,1178,
,G,1178,1180,1168,1179,
,A,1179,1181,1186,1180,
,U,1180,1182,1167,1181,
,U,1181,1183,0,1182,
,U,1182,1184,0,1183,
,A,1183,1185,1178,1184,
,A,1184,1186,0,1185,
,U,1185,1187,1180,1186,
,G,1186,1188,1227,1187,
,A,1187,1189,0,1188,
,A,1188,1190,0,1189,
,U,1189,1191,1209,1190,
,U,1190,1192,1212,1191,
,U,1191,1193,0,1192,
,C,1192,1194,1246,1193,
,C,1193,1195,0,1194,
,U,1194,1196,0,1195,
,G,1195,1197,0,1196,
,A,1196,1198,0,1197,
,A,1197,1199,0,1198,
,G,1198,1200,0,1199,
,A,1199,1201,0,1200,
,C,1200,1202,1232,1201,
,U,1201,1203,0,1202,
,G,1202,1204,0,1203,
,U,1203,1205,0,1204,
,A,1204,1206,0,1205,
,A,1205,1207,0,1206,
,G,1206,1208,0,1207,
,A,1207,1209,0,1208,
,A,1208,1210,1190,1209,
,G,1209,1211,0,1210,
,U,1210,1212,1221,1211,
,A,1211,1213,1191,1212,
,C,1212,1214,0,1213,
,A,1213,1215,0,1214,
,A,1214,1216,0,1215,
,C,1215,1217,1239,1216,
,U,1216,1218,1253,1217,
,G,1217,1219,1255,1218,
,A,1218,1220,0,1219,
,G,1219,1221,1225,1220,
,A,1220,1222,1211,1221,
,A,1221,1223,0,1222,
,A,1222,1224,0,1223,
,U,1223,1225,1248,1224,
,C,1224,1226,1220,1225,
,C,1225,1227,0,1226,
,C,1226,1228,1187,1227,
,U,1227,1229,0,1228,
,U,1228,1230,1237,1229,
,U,1229,1231,0,1230,
,U,1230,1232,1244,1231,
,G,1231,1233,1201,1232,
,A,1232,1234,1286,1233,
,A,1233,1235,0,1234,
,G,1234,1236,0,1235,
,G,1235,1237,0,1236,
,A,1236,1238,1229,1237,
,A,1237,1239,1265,1238,
,G,1238,1240,1216,1239,
,G,1239,1241,1276,1240,
,U,1240,1242,0,1241,
,U,1241,1243,0,1242,
,A,1242,1244,0,1243,
,A,1243,1245,1231,1244,
,U,1244,1246,1277,1245,
,G,1245,1247,1193,1246,
,U,1246,1248,0,1247,
,A,1247,1249,1224,1248,
,A,1248,1250,1267,1249,
,C,1249,1251,0,1250,
,C,1250,1252,0,1251,
,C,1251,1253,1260,1252,
,A,1252,1254,1217,1253,
,A,1253,1255,0,1254,
,C,1254,1256,1218,1255,
,A,1255,1257,1284,1256,
,A,1256,1258,0,1257,
,G,1257,1259,1263,1258,
,A,1258,1260,0,1259,
,G,1259,1261,1252,1260,
,C,1260,1262,0,1261,
,A,1261,1263,1268,1262,
,C,1262,1264,1258,1263,
,A,1263,1265,0,1264,
,U,1264,1266,1238,1265,
,U,1265,1267,1327,1266,
,U,1266,1268,1249,1267,
,U,1267,1269,1262,1268,
,A,1268,1270,0,1269,
,U,1269,1271,0,1270,
,C,1270,1272,1280,1271,
,A,1271,1273,0,1272,
,U,1272,1274,1278,1273,
,A,1273,1275,0,1274,
,G,1274,1276,1373,1275,
,C,1275,1277,1240,1276,
,A,1276,1278,1245,1277,
,G,1277,1279,1273,1278,
,A,1278,1280,0,1279,
,G,1279,1281,1271,1280,
,A,1280,1282,1288,1281,
,C,1281,1283,0,1282,
,A,1282,1284,0,1283,
,U,1283,1285,1256,1284,
,C,1284,1286,1291,1285,
,U,1285,1287,1233,1286,
,G,1286,1288,1316,1287,
,U,1287,1289,1281,1288,
,A,1288,1290,1295,1289,
,U,1289,1291,0,1290,
,G,1290,1292,1285,1291,
,C,1291,1293,1338,1292,
,A,1292,1294,0,1293,
,U,1293,1295,0,1294,
,U,1294,1296,1289,1295,
,C,1295,1297,0,1296,
,C,1296,1298,1312,1297,
,U,1297,1299,0,1298,
,G,1298,1300,0,1299,
,U,1299,1301,1341,1300,
,C,1300,1302,0,1301,
,A,1301,1303,0,1302,
,U,1302,1304,0,1303,
,U,1303,1305,1314,1304,
,A,1304,1306,0,1305,
,C,1305,1307,0,1306,
,C,1306,1308,1368,1307,
,C,1307,1309,0,1308,
,A,1308,1310,1313,1309,
,U,1309,1311,0,1310,
,U,1310,1312,0,1311,
,G,1311,1313,1297,1312,
,U,1312,1314,1309,1313,
,A,1313,1315,1304,1314,
,A,1314,1316,0,1315,
,C,1315,1317,1287,1316,
,A,1316,1318,0,1317,
,G,1317,1319,0,1318,
,A,1318,1320,0,1319,
,G,1319,1321,1371,1320,
,C,1320,1322,0,1321,
,C,1321,1323,0,1322,
,A,1322,1324,1329,1323,
,C,1323,1325,1420,1324,
,A,1324,1326,0,1325,
,A,1325,1327,0,1326,
,A,1326,1328,1266,1327,
,C,1327,1329,0,1328,
,U,1328,1330,1323,1329,
,A,1329,1331,0,1330,
,A,1330,1332,0,1331,
,U,1331,1333,0,1332,
,A,1332,1334,1344,1333,
,C,1333,1335,0,1334,
,U,1334,1336,0,1335,
,A,1335,1337,0,1336,
,U,1336,1338,1362,1337,
,G,1337,1339,1292,1338,
,C,1338,1340,0,1339,
,A,1339,1341,0,1340,
,A,1340,1342,1300,1341,
,U,1341,1343,0,1342,
,G,1342,1344,1350,1343,
,U,1343,1345,1333,1344,
,U,1344,1346,0,1345,
,U,1345,1347,0,1346,
,U,1346,1348,1366,1347,
,A,1347,1349,0,1348,
,C,1348,1350,0,1349,
,C,1349,1351,1343,1350,
,A,1350,1352,0,1351,
,A,1351,1353,0,1352,
,U,1352,1354,0,1353,
,A,1353,1355,0,1354,
,A,1354,1356,0,1355,
,U,1355,1357,1364,1356,
,G,1356,1358,0,1357,
,C,1357,1359,1383,1358,
,A,1358,1360,0,1359,
,A,1359,1361,0,1360,
,U,1360,1362,1377,1361,
,A,1361,1363,1337,1362,
,C,1362,1364,0,1363,
,A,1363,1365,1356,1364,
,A,1364,1366,1413,1365,
,A,1365,1367,1347,1366,
,A,1366,1368,0,1367,
,G,1367,1369,1307,1368,
,A,1368,1370,0,1369,
,C,1369,1371,0,1370,
,C,1370,1372,1320,1371,
,U,1371,1373,1418,1372,
,C,1372,1374,1275,1373,
,A,1373,1375,0,1374,
,A,1374,1376,0,1375,
,A,1375,1377,1416,1376,
,A,1376,1378,1361,1377,
,U,1377,1379,1405,1378,
,A,1378,1380,0,1379,
,C,1379,1381,0,1380,
,C,1380,1382,0,1381,
,U,1381,1383,0,1382,
,G,1382,1384,1358,1383,
,U,1383,1385,1402,1384,
,G,1384,1386,0,1385,
,C,1385,1387,1398,1386,
,A,1386,1388,0,1387,
,U,1387,1389,0,1388,
,U,1388,1390,0,1389,
,U,1389,1391,0,1390,
,C,1390,1392,0,1391,
,U,1391,1393,0,1392,
,U,1392,1394,0,1393,
,G,1393,1395,0,1394,
,U,1394,1396,0,1395,
,A,1395,1397,1421,1396,
,G,1396,1398,1406,1397,
,G,1397,1399,1386,1398,
,A,1398,1400,0,1399,
,A,1399,1401,0,1400,
,A,1400,1402,0,1401,
,A,1401,1403,1384,1402,
,C,1402,1404,1422,1403,
,A,1403,1405,0,1404,
,A,1404,1406,1378,1405,
,C,1405,1407,1397,1406,
,A,1406,1408,1419,1407,
,A,1407,1409,0,1408,
,A,1408,1410,0,1409,
,A,1409,1411,0,1410,
,G,1410,1412,0,1411,
,G,1411,1413,0,1412,
,U,1412,1414,1365,1413,
,A,1413,1415,0,1414,
,A,1414,1416,1423,1415,
,U,1415,1417,1376,1416,
,U,1416,1418,0,1417,
,A,1417,1419,1372,1418,
,U,1418,1420,1407,1419,
,G,1419,1421,1324,1420,
,U,1420,1422,1396,1421,
,G,1421,1423,1403,1422,
,U,1422,1424,1415,1423,
,A,1423,1425,0,1424,
,A,1424,1426,0,1425,
,U,1425,1427,0,1426,
,U,1426,1428,0,1427,
,A,1427,1429,0,1428,
,U,1428,1430,0,1429,
,A,1429,1431,0,1430,
,C,1430,1432,0,1431,
,U,1431,1433,0,1432,
,A,1432,1434,1440,1433,
,G,1433,1435,0,1434,
,A,1434,1436,1450,1435,
,A,1435,1437,0,1436,
,G,1436,1438,0,1437,
,U,1437,1439,0,1438,
,U,1438,1440,1469,1439,
,U,1439,1441,1433,1440,
,U,1440,1442,0,1441,
,G,1441,1443,0,1442,
,U,1442,1444,0,1443,
,A,1443,1445,0,1444,
,A,1444,1446,0,1445,
,U,1445,1447,1467,1446,
,C,1446,1448,0,1447,
,U,1447,1449,0,1448,
,G,1448,1450,0,1449,
,U,1449,1451,1435,1450,
,A,1450,1452,0,1451,
,U,1451,1453,1484,1452,
,C,1452,1454,0,1453,
,U,1453,1455,0,1454,
,U,1454,1456,0,1455,
,A,1455,1457,0,1456,
,U,1456,1458,0,1457,
,C,1457,1459,1472,1458,
,A,1458,1460,0,1459,
,U,1459,1461,0,1460,
,U,1460,1462,0,1461,
,G,1461,1463,1493,1462,
,G,1462,1464,0,1463,
,A,1463,1465,0,1464,
,A,1464,1466,0,1465,
,U,1465,1467,0,1466,
,A,1466,1468,1446,1467,
,A,1467,1469,0,1468,
,A,1468,1470,1439,1469,
,A,1469,1471,0,1470,
,U,1470,1472,0,1471,
,G,1471,1473,1458,1472,
,A,1472,1474,0,1473,
,C,1473,1475,0,1474,
,A,1474,1476,0,1475,
,U,1475,1477,1488,1476,
,U,1476,1478,0,1477,
,C,1477,1479,1498,1478,
,A,1478,1480,1505,1479,
,A,1479,1481,1485,1480,
,U,1480,1482,1503,1481,
,A,1481,1483,0,1482,
,A,1482,1484,0,1483,
,A,1483,1485,1452,1484,
,U,1484,1486,1480,1485,
,A,1485,1487,0,1486,
,A,1486,1488,0,1487,
,A,1487,1489,1476,1488,
,A,1488,1490,0,1489,
,A,1489,1491,0,1490,
,U,1490,1492,1499,1491,
,G,1491,1493,0,1492,
,C,1492,1494,1462,1493,
,A,1493,1495,1507,1494,
,U,1494,1496,0,1495,
,A,1495,1497,1502,1496,
,A,1496,1498,0,1497,
,G,1497,1499,1478,1498,
,A,1498,1500,1491,1499,
,U,1499,1501,1586,1500,
,A,1500,1502,0,1501,
,U,1501,1503,1496,1502,
,A,1502,1504,1481,1503,
,U,1503,1505,0,1504,
,U,1504,1506,1479,1505,
,C,1505,1507,1531,1506,
,U,1506,1508,1494,1507,
,G,1507,1509,1513,1508,
,U,1508,1510,0,1509,
,C,1509,1511,1516,1510,
,G,1510,1512,0,1511,
,G,1511,1513,1526,1512,
,C,1512,1514,1508,1513,
,U,1513,1515,0,1514,
,G,1514,1516,0,1515,
,G,1515,1517,1510,1516,
,G,1516,1518,0,1517,
,C,1517,1519,0,1518,
,G,1518,1520,0,1519,
,C,1519,1521,0,1520,
,G,1520,1522,0,1521,
,G,1521,1523,0,1522,
,U,1522,1524,0,1523,
,G,1523,1525,0,1524,
,G,1524,1526,1563,1525,
,C,1525,1527,1512,1526,
,U,1526,1528,1543,1527,
,C,1527,1529,0,1528,
,A,1528,1530,0,1529,
,C,1529,1531,0,1530,
,G,1530,1532,1506,1531,
,C,1531,1533,0,1532,
,C,1532,1534,0,1533,
,U,1533,1535,1554,1534,
,G,1534,1536,0,1535,
,U,1535,1537,0,1536,
,A,1536,1538,0,1537,
,A,1537,1539,1587,1538,
,U,1538,1540,0,1539,
,C,1539,1541,1561,1540,
,C,1540,1542,1564,1541,
,C,1541,1543,1569,1542,
,A,1542,1544,1527,1543,
,G,1543,1545,0,1544,
,C,1544,1546,0,1545,
,A,1545,1547,0,1546,
,C,1546,1548,0,1547,
,U,1547,1549,0,1548,
,U,1548,1550,0,1549,
,U,1549,1551,1581,1550,
,G,1550,1552,0,1551,
,G,1551,1553,0,1552,
,G,1552,1554,0,1553,
,A,1553,1555,1534,1554,
,G,1554,1556,0,1555,
,G,1555,1557,0,1556,
,C,1556,1558,0,1557,
,C,1557,1559,0,1558,
,G,1558,1560,0,1559,
,A,1559,1561,0,1560,
,G,1560,1562,1540,1561,
,G,1561,1563,0,1562,
,C,1562,1564,1525,1563,
,G,1563,1565,1541,1564,
,G,1564,1566,1602,1565,
,G,1565,1567,0,1566,
,C,1566,1568,1578,1567,
,G,1567,1569,0,1568,
,G,1568,1570,1542,1569,
,A,1569,1571,0,1570,
,U,1570,1572,0,1571,
,C,1571,1573,1591,1572,
,A,1572,1574,0,1573,
,C,1573,1575,0,1574,
,A,1574,1576,1596,1575,
,A,1575,1577,1598,1576,
,G,1576,1578,0,1577,
,G,1577,1579,1567,1578,
,U,1578,1580,0,1579,
,C,1579,1581,1585,1580,
,A,1580,1582,1550,1581,
,G,1581,1583,1636,1582,
,G,1582,1584,1608,1583,
,A,1583,1585,0,1584,
,G,1584,1586,1580,1585,
,A,1585,1587,1500,1586,
,U,1586,1588,1538,1587,
,C,1587,1589,1610,1588,
,G,1588,1590,0,1589,
,A,1589,1591,0,1590,
,G,1590,1592,1572,1591,
,A,1591,1593,1603,1592,
,C,1592,1594,0,1593,
,C,1593,1595,1600,1594,
,A,1594,1596,0,1595,
,U,1595,1597,1575,1596,
,C,1596,1598,1609,1597,
,U,1597,1599,1576,1598,
,U,1598,1600,0,1599,
,G,1599,1601,1594,1600,
,G,1600,1602,1648,1601,
,C,1601,1603,1565,1602,
,U,1602,1604,1592,1603,
,A,1603,1605,0,1604,
,A,1604,1606,0,1605,
,C,1605,1607,0,1606,
,A,1606,1608,1621,1607,
,C,1607,1609,1583,1608,
,G,1608,1610,1597,1609,
,G,1609,1611,1588,1610,
,U,1610,1612,0,1611,
,G,1611,1613,0,1612,
,A,1612,1614,0,1613,
,A,1613,1615,0,1614,
,A,1614,1616,0,1615,
,C,1615,1617,0,1616,
,C,1616,1618,0,1617,
,C,1617,1619,1651,1618,
,C,1618,1620,0,1619,
,G,1619,1621,1667,1620,
,U,1620,1622,1607,1621,
,C,1621,1623,0,1622,
,U,1622,1624,1631,1623,
,C,1623,1625,0,1624,
,U,1624,1626,0,1625,
,A,1625,1627,0,1626,
,C,1626,1628,1656,1627,
,U,1627,1629,0,1628,
,A,1628,1630,1683,1629,
,A,1629,1631,0,1630,
,A,1630,1632,1623,1631,
,A,1631,1633,0,1632,
,A,1632,1634,0,1633,
,U,1633,1635,1639,1634,
,A,1634,1636,0,1635,
,C,1635,1637,1582,1636,
,A,1636,1638,0,1637,
,A,1637,1639,0,1638,
,A,1638,1640,1634,1639,
,A,1639,1641,0,1640,
,A,1640,1642,0,1641,
,A,1641,1643,0,1642,
,U,1642,1644,1655,1643,
,U,1643,1645,0,1644,
,A,1644,1646,0,1645,
,G,1645,1647,0,1646,
,C,1646,1648,0,1647,
,C,1647,1649,1601,1648,
,G,1648,1650,0,1649,
,G,1649,1651,1697,1650,
,G,1650,1652,1618,1651,
,C,1651,1653,1658,1652,
,G,1652,1654,0,1653,
,C,1653,1655,0,1654,
,G,1654,1656,1643,1655,
,G,1655,1657,1627,1656,
,U,1656,1658,0,1657,
,G,1657,1659,1652,1658,
,G,1658,1660,0,1659,
,C,1659,1661,0,1660,
,G,1660,1662,0,1661,
,G,1661,1663,0,1662,
,G,1662,1664,0,1663,
,C,1663,1665,0,1664,
,A,1664,1666,0,1665,
,C,1665,1667,0,1666,
,C,1666,1668,1620,1667,
,U,1667,1669,1688,1668,
,G,1668,1670,0,1669,
,U,1669,1671,0,1670,
,A,1670,1672,1729,1671,
,G,1671,1673,1679,1672,
,U,1672,1674,0,1673,
,C,1673,1675,0,1674,
,C,1674,1676,0,1675,
,C,1675,1677,0,1676,
,A,1676,1678,1692,1677,
,G,1677,1679,0,1678,
,C,1678,1680,1672,1679,
,U,1679,1681,1749,1680,
,A,1680,1682,1705,1681,
,C,1681,1683,1702,1682,
,U,1682,1684,1629,1683,
,C,1683,1685,1693,1684,
,G,1684,1686,0,1685,
,G,1685,1687,0,1686,
,G,1686,1688,0,1687,
,A,1687,1689,1668,1688,
,G,1688,1690,0,1689,
,G,1689,1691,1708,1690,
,C,1690,1692,0,1691,
,U,1691,1693,1677,1692,
,G,1692,1694,1684,1693,
,A,1693,1695,0,1694,
,G,1694,1696,0,1695,
,G,1695,1697,0,1696,
,C,1696,1698,1650,1697,
,A,1697,1699,0,1698,
,G,1698,1700,1732,1699,
,G,1699,1701,0,1700,
,A,1700,1702,0,1701,
,G,1701,1703,1682,1702,
,A,1702,1704,0,1703,
,A,1703,1705,0,1704,
,U,1704,1706,1681,1705,
,G,1705,1707,0,1706,
,G,1706,1708,0,1707,
,C,1707,1709,1690,1708,
,G,1708,1710,1723,1709,
,U,1709,1711,1849,1710,
,G,1710,1712,0,1711,
,A,1711,1713,1745,1712,
,A,1712,1714,0,1713,
,C,1713,1715,1736,1714,
,C,1714,1716,0,1715,
,U,1715,1717,1725,1716,
,G,1716,1718,0,1717,
,G,1717,1719,0,1718,
,G,1718,1720,0,1719,
,A,1719,1721,0,1720,
,G,1720,1722,0,1721,
,G,1721,1723,0,1722,
,C,1722,1724,1709,1723,
,G,1723,1725,0,1724,
,G,1724,1726,1716,1725,
,A,1725,1727,0,1726,
,G,1726,1728,1739,1727,
,C,1727,1729,0,1728,
,U,1728,1730,1671,1729,
,U,1729,1731,0,1730,
,G,1730,1732,1735,1731,
,C,1731,1733,1699,1732,
,A,1732,1734,0,1733,
,G,1733,1735,0,1734,
,U,1734,1736,1731,1735,
,G,1735,1737,1714,1736,
,A,1736,1738,0,1737,
,G,1737,1739,0,1738,
,C,1738,1740,1727,1739,
,C,1739,1741,0,1740,
,A,1740,1742,0,1741,
,A,1741,1743,0,1742,
,G,1742,1744,0,1743,
,A,1743,1745,0,1744,
,U,1744,1746,1712,1745,
,U,1745,1747,0,1746,
,G,1746,1748,0,1747,
,U,1747,1749,1807,1748,
,G,1748,1750,1680,1749,
,C,1749,1751,1779,1750,
,C,1750,1752,0,1751,
,A,1751,1753,1771,1752,
,C,1752,1754,1767,1753,
,U,1753,1755,1799,1754,
,G,1754,1756,1765,1755,
,C,1755,1757,0,1756,
,A,1756,1758,0,1757,
,A,1757,1759,0,1758,
,U,1758,1760,0,1759,
,C,1759,1761,0,1760,
,C,1760,1762,1775,1761,
,G,1761,1763,0,1762,
,G,1762,1764,0,1763,
,C,1763,1765,1781,1764,
,C,1764,1766,1755,1765,
,U,1765,1767,1773,1766,
,G,1766,1768,1753,1767,
,G,1767,1769,1778,1768,
,G,1768,1770,1783,1769,
,C,1769,1771,1843,1770,
,U,1770,1772,1752,1771,
,A,1771,1773,0,1772,
,A,1772,1774,1766,1773,
,A,1773,1775,1790,1774,
,G,1774,1776,1761,1775,
,A,1775,1777,0,1776,
,G,1776,1778,0,1777,
,C,1777,1779,1768,1778,
,G,1778,1780,1750,1779,
,G,1779,1781,0,1780,
,G,1780,1782,1764,1781,
,A,1781,1783,0,1782,
,C,1782,1784,1769,1783,
,U,1783,1785,0,1784,
,C,1784,1786,0,1785,
,C,1785,1787,1837,1786,
,G,1786,1788,0,1787,
,U,1787,1789,1805,1788,
,C,1788,1790,1809,1789,
,U,1789,1791,1774,1790,
,C,1790,1792,0,1791,
,A,1791,1793,0,1792,
,A,1792,1794,0,1793,
,A,1793,1795,0,1794,
,A,1794,1796,0,1795,
,A,1795,1797,0,1796,
,A,1796,1798,0,1797,
,A,1797,1799,1818,1798,
,A,1798,1800,1754,1799,
,A,1799,1801,0,1800,
,A,1800,1802,0,1801,
,A,1801,1803,0,1802,
,A,1802,1804,0,1803,
,A,1803,1805,0,1804,
,A,1804,1806,1788,1805,
,A,1805,1807,0,1806,
,A,1806,1808,1748,1807,
,A,1807,1809,0,1808,
,G,1808,1810,1789,1809,
,A,1809,1811,0,1810,
,U,1810,1812,0,1811,
,A,1811,1813,0,1812,
,U,1812,1814,0,1813,
,A,1813,1815,0,1814,
,U,1814,1816,1841,1815,
,U,1815,1817,1827,1816,
,C,1816,1818,0,1817,
,U,1817,1819,1798,1818,
,G,1818,1820,0,1819,
,U,1819,1821,0,1820,
,C,1820,1822,0,1821,
,A,1821,1823,0,1822,
,U,1822,1824,0,1823,
,A,1823,1825,0,1824,
,A,1824,1826,0,1825,
,U,1825,1827,1832,1826,
,A,1826,1828,1816,1827,
,A,1827,1829,0,1828,
,A,1828,1830,0,1829,
,U,1829,1831,1848,1830,
,A,1830,1832,1836,1831,
,A,1831,1833,1826,1832,
,A,1832,1834,0,1833,
,A,1833,1835,0,1834,
,A,1834,1836,0,1835,
,U,1835,1837,1831,1836,
,G,1836,1838,1786,1837,
,C,1837,1839,0,1838,
,A,1838,1840,0,1839,
,U,1839,1841,0,1840,
,A,1840,1842,1815,1841,
,A,1841,1843,0,1842,
,G,1842,1844,1770,1843,
,A,1843,1845,0,1844,
,U,1844,1846,0,1845,
,A,1845,1847,0,1846,
,U,1846,1848,0,1847,
,A,1847,1849,1830,1848,
,A,1848,1850,1710,1849,
