ASO,Inhibition rate,Sequence,len_seq,binding_site,gibbs,off_gibbs,secondary_structure
A06001H,0.015,GGCGCTGTGACTTG,14,250,-28.379998999999998,-27.3800005,0.983469387755102
A06002H,0.012,AGGCGCTGTGACTT,14,251,-27.01,-26.0410002,0.96
A06003H,0.369,ATGCGAAGAACACT,14,713,-22.98,-20.3019996,0.8283673469387756
A06004H,0.348,TATATGCGAAGAAC,14,716,-20.709999,-18.189000300000004,0.8283673469387756
A06005H,0.08,ACTTAGTCACGATT,14,1075,-21.620001000000002,-21.0219992,0.9263265306122448
A06006H,0.207,GCCATTCTTGTAGTC,15,22,-25.780001000000002,-24.9150003,0.9988888888888888
A06007H,0.006,GATTGTCCAGGAGTT,15,50,-27.280001000000002,-26.5380001,0.9722222222222222
A06008H,0.019,CTCAACTCTTTCTCG,15,197,-27.030001000000002,-25.9389999,0.9722222222222222
A06009H,0.01,GGCGCTGTGACTTGT,15,249,-30.24,-28.629999800000004,0.99
A06010H,0.261,TTGGCAAGACCTTAC,15,330,-25.99,-23.3049998,0.8655555555555556
A06011H,0.028,GTTGGCAGTAAGGAA,15,357,-26.110001,-25.176000100000003,0.8122222222222223
A06012H,0.085,GACACAGTCTGCATA,15,407,-26.780001000000002,-25.919,0.8122222222222223
A06013HM,0.2,GTCAGGGGCTTATTA,15,448,-26.639999,-26.458999199999997,0.9455555555555556
A06014H,0.541,GAGAACAAAACGTCC,15,475,-25.73,-22.2959999,0.9722222222222222
A06015H,0.058,AGTGTCCCGTTCTTG,15,602,-28.780001000000002,-27.6979998,0.91
A06016H,0.303,TATGCGAAGAACACT,15,713,-24.790001,-21.51299980000001,0.8122222222222223
A06017H,0.5920000000000001,AGGACGTCAAAGCAC,15,844,-27.84,-23.4969998,0.75
A06018H,0.078,GAGCTGGTGGCATAT,15,924,-28.6,-27.485999699999997,0.9455555555555556
A06019H,0.104,GAGCTGGTGGCATAT,15,924,-28.6,-27.485999699999997,0.9455555555555556
A06020H,0.061,GACAAACTCACGGAC,15,977,-28.35,-23.786999899999998,0.9455555555555556
A06021HM,0.061,GACAAACTCACGGAC,15,977,-28.35,-23.786999899999998,0.9455555555555556
A06022HM,0.073,GACAAACTCACGGAC,15,977,-28.35,-23.786999899999998,0.9455555555555556
A06023HM,0.406,TAAGCTTCCCGCAGG,15,1012,-30.370001000000002,-28.86200040000001,0.5988888888888889
A06024H,0.127,AGATGGTAGCTCCTC,15,1057,-28.93,-27.1219995,0.8122222222222223
A06025H,0.07400000000000001,GTACTTAGTCACGAT,15,1076,-25.24,-23.325,0.9455555555555556
A06026H,0.478,TGGCTTGCAGGAATC,15,1096,-27.82,-27.49,0.75
A06027H,0.095,GTCTTCAGAGGTCTT,15,1127,-27.440001000000002,-27.0149995,0.9455555555555556
A06028H,0.019,CTTGTAGTCTGCTCCT,16,15,-30.940001000000002,-29.1769995,0.96
A06029H,0.005,GGCGCTGTGACTTGTG,16,248,-33.060001,-29.238999699999997,0.994375
A06030H,0.012,AGGCGCTGTGACTTGT,16,249,-31.709999,-29.447000199999998,0.98109375
A06031H,0.132,GCAAGACCTTACGGAC,16,326,-31.389999,-25.9009998,0.84984375
A06032H,0.136,GTTGGCAGTAAGGAAC,16,356,-28.889999,-25.214000000000002,0.7975000000000001
A06033H,0.15,GAGAACAAAACGTCCA,16,474,-27.629998999999998,-24.0369992,0.98109375
A06034H,0.102,CAGTCTCCATCACGAA,16,492,-31.27,-29.5720001,0.7975000000000001
A06035H,0.037000000000000005,AGTGTCCCGTTCTTGC,16,601,-31.360001,-29.476000400000004,0.894375
A06036H,0.272,AATATATGCGAAGAAC,16,716,-22.65,-17.859000199999997,0.84984375
A06037H,0.604,CAGGACGTCAAAGCAC,16,844,-31.66,-26.8279995,0.73734375
A06038H,0.08900000000000001,TGAGCTGGTGGCATAT,16,924,-30.379998999999998,-28.145999800000002,0.93109375
A06039H,0.085,GACAAACTCACGGACT,16,976,-30.469998999999998,-24.864,0.93109375
A06040HM,0.114,TTGCAGATGGTAGCTC,16,1060,-29.450001,-26.634999600000004,0.84984375
A06041H,0.136,GAGGTCTTTTGTATTG,16,1357,-25.26,-25.085,0.894375
A06042H,0.066,ATTCTTGTAGTCTGCTC,17,17,-28.629998999999998,-25.8930002,0.9875086505190313
A06043H,0.014,CCAGACTCTATGAGATC,17,173,-32.650002,-27.9229999,0.8795501730103806
A06044H,0.02,GAGATGATCAATGCTGA,17,225,-29.41,-24.487,0.9169204152249136
A06045H,0.008,AGGCGCTGTGACTTGTG,17,248,-34.529999,-29.9920005,0.9875086505190313
A06046H,0.02,GGTGATGCATCCCAGAA,17,276,-33.630001,-29.6830002,0.9169204152249136
A06047H,0.086,GGCAAGACCTTACGGAC,17,326,-34.91,-29.111000899999997,0.8352595155709344
A06048H,0.547,GTTGGCAGTAAGGAACA,17,355,-30.790001,-26.241000199999995,0.7840484429065744
A06049H,0.755,ACAAAACGTCCATGTTC,17,469,-28.200001,-24.63499980000001,0.9708996539792388
A06050H,0.049,AGTGTCCCGTTCTTGCA,17,600,-33.259997999999996,-30.435000100000003,0.9169204152249136
A06051H,0.263,GAACTGAGCAGCATGTC,17,888,-32.23,-26.860000199999995,0.9708996539792388
A06052H,0.127,GAGCTGGTGGCATATAT,17,922,-31.32,-28.027000399999995,0.9708996539792388
A06053H,0.124,GTTCCTGTGAGCTGGTG,17,930,-35.25,-31.4459993,0.7259169550173011
A06054H,0.063,AGGACAAACTCACGGAC,17,977,-33.34,-28.364,0.9169204152249136
A06055H,0.647,CCGCAGGCCAGCATCAC,17,1002,-38.799999,-33.591999099999995,0.7259169550173011
A06056H,0.116,TTGCAGATGGTAGCTCC,17,1059,-32.970001,-28.857999100000004,0.8352595155709344
Neg1,1.3,CGTTTAGGCTATGTACTT,18,-1,-14.12,-26.351,0.96
A06007H,0.003,GATTGTCCAGGAGTT,15,50,-27.280001000000002,-26.5380001,0.9722222222222222
A06030H,0.002,AGGCGCTGTGACTTGT,16,249,-31.709999,-29.447000199999998,0.98109375
A06035H,0.015,AGTGTCCCGTTCTTGC,16,601,-31.360001,-29.476000400000004,0.894375
A06057H,0.004,GCGCTGTGACTTGT,14,249,-26.719998999999998,-26.1420002,0.996734693877551
A06058H,0.021,GCGCTGTGACTTGT,14,249,-26.719998999999998,-26.1420002,0.996734693877551
A06059H,0.015,GATTGTCCAGGAGTT,15,50,-27.280001000000002,-26.5380001,0.9722222222222222
A06060H,0.005,TGATTGTCCAGGAGT,15,51,-28.049999,-27.475000199999997,0.9722222222222222
A06061H,0.016,CTCAACTCTTTCTCG,15,197,-27.030001000000002,-25.9389999,0.9722222222222222
A06062H,0.003,AGGCGCTGTGACTTG,15,250,-29.85,-27.6869994,0.9722222222222222
A06063H,0.019,GTGTCCCGTTCTTGC,15,601,-29.889999,-28.618,0.91
A06064H,0.026,GATTGTCCAGGAGTTT,16,49,-28.309998999999998,-27.2489999,0.98109375
A06065H,0.004,TGATTGTCCAGGAGTT,16,50,-29.059998999999998,-27.98,0.98109375
A06066H,0.011,TCTCAACTCTTTCTCG,16,197,-28.42,-27.058999700000005,0.98109375
A06067H,0.039,TTCTCAACTCTTTCTC,16,198,-25.799999,-25.22300000000001,0.994375
A06068H,0.005,AGGCGCTGTGACTTGT,16,249,-31.709999,-29.447000199999998,0.98109375
A06069H,0.023,AGTGTCCCGTTCTTGC,16,601,-31.360001,-29.476000400000004,0.894375
A06070H,0.016,GATTGTCCAGGAGTTTT,17,48,-29.34,-27.4639999,0.9708996539792388
A06071H,0.028,CTCAACTCTTTCTCGAA,17,195,-29.84,-27.704000099999995,0.9473702422145328
A06072H,0.153,CTCAACTCTTTCTCGAA,17,195,-29.84,-27.704000099999995,0.9473702422145328
S6,0.8540000000000001,TCTATCGTGATGTTTCT,17,-1,-13.3,-25.889,0.96
A06009H,0.026,GGCGCTGTGACTTGT,15,249,-30.24,-28.629999800000004,0.99
A06029H,0.037000000000000005,GGCGCTGTGACTTGTG,16,248,-33.060001,-29.238999699999997,0.994375
A06030H,0.04,AGGCGCTGTGACTTGT,16,249,-31.709999,-29.447000199999998,0.98109375
A06035H,0.041,AGTGTCCCGTTCTTGC,16,601,-31.360001,-29.476000400000004,0.894375
A06045H,0.05,AGGCGCTGTGACTTGTG,17,248,-34.529999,-29.9920005,0.9875086505190313
A06001H,0.051,GGCGCTGTGACTTG,14,250,-28.379998999999998,-27.3800005,0.983469387755102
A06050H,0.051,AGTGTCCCGTTCTTGCA,17,600,-33.259997999999996,-30.435000100000003,0.9169204152249136
A06015H,0.054000000000000006,AGTGTCCCGTTCTTG,15,602,-28.780001000000002,-27.6979998,0.91
A06007H,0.067,GATTGTCCAGGAGTT,15,50,-27.280001000000002,-26.5380001,0.9722222222222222
A06028H,0.07200000000000001,CTTGTAGTCTGCTCCT,16,15,-30.940001000000002,-29.1769995,0.96
A06046H,0.078,GGTGATGCATCCCAGAA,17,276,-33.630001,-29.6830002,0.9169204152249136
A06002H,0.091,AGGCGCTGTGACTT,14,251,-27.01,-26.0410002,0.96
A06008H,0.105,CTCAACTCTTTCTCG,15,197,-27.030001000000002,-25.9389999,0.9722222222222222
A06044H,0.109,GAGATGATCAATGCTGA,17,225,-29.41,-24.487,0.9169204152249136
A06043H,0.14,CCAGACTCTATGAGATC,17,173,-32.650002,-27.9229999,0.8795501730103806
A06025H,0.14300000000000002,GTACTTAGTCACGAT,15,1076,-25.24,-23.325,0.9455555555555556
A06021HM,0.149,GACAAACTCACGGAC,15,977,-28.35,-23.786999899999998,0.9455555555555556
A06011H,0.168,GTTGGCAGTAAGGAA,15,357,-26.110001,-25.176000100000003,0.8122222222222223
A06005H,0.17800000000000002,ACTTAGTCACGATT,14,1075,-21.620001000000002,-21.0219992,0.9263265306122448
A06041H,0.181,GAGGTCTTTTGTATTG,16,1357,-25.26,-25.085,0.894375
A06020H,0.185,GACAAACTCACGGAC,15,977,-28.35,-23.786999899999998,0.9455555555555556
A06054H,0.191,AGGACAAACTCACGGAC,17,977,-33.34,-28.364,0.9169204152249136
A06022HM,0.215,GACAAACTCACGGAC,15,977,-28.35,-23.786999899999998,0.9455555555555556
A06038H,0.246,TGAGCTGGTGGCATAT,16,924,-30.379998999999998,-28.145999800000002,0.93109375
A06039H,0.248,GACAAACTCACGGACT,16,976,-30.469998999999998,-24.864,0.93109375
A06027H,0.251,GTCTTCAGAGGTCTT,15,1127,-27.440001000000002,-27.0149995,0.9455555555555556
A06056H,0.255,TTGCAGATGGTAGCTCC,17,1059,-32.970001,-28.857999100000004,0.8352595155709344
A06033H,0.261,GAGAACAAAACGTCCA,16,474,-27.629998999999998,-24.0369992,0.98109375
A06052H,0.261,GAGCTGGTGGCATATAT,17,922,-31.32,-28.027000399999995,0.9708996539792388
A06012H,0.262,GACACAGTCTGCATA,15,407,-26.780001000000002,-25.919,0.8122222222222223
A06018H,0.266,GAGCTGGTGGCATAT,15,924,-28.6,-27.485999699999997,0.9455555555555556
A06042H,0.292,ATTCTTGTAGTCTGCTC,17,17,-28.629998999999998,-25.8930002,0.9875086505190313
A06016H,0.307,TATGCGAAGAACACT,15,713,-24.790001,-21.51299980000001,0.8122222222222223
A06040HM,0.308,TTGCAGATGGTAGCTC,16,1060,-29.450001,-26.634999600000004,0.84984375
A06019H,0.308,GAGCTGGTGGCATAT,15,924,-28.6,-27.485999699999997,0.9455555555555556
A06053H,0.338,GTTCCTGTGAGCTGGTG,17,930,-35.25,-31.4459993,0.7259169550173011
A06010H,0.35700000000000004,TTGGCAAGACCTTAC,15,330,-25.99,-23.3049998,0.8655555555555556
A06024H,0.369,AGATGGTAGCTCCTC,15,1057,-28.93,-27.1219995,0.8122222222222223
A06034H,0.378,CAGTCTCCATCACGAA,16,492,-31.27,-29.5720001,0.7975000000000001
A06004H,0.402,TATATGCGAAGAAC,14,716,-20.709999,-18.189000300000004,0.8283673469387756
A06032H,0.402,GTTGGCAGTAAGGAAC,16,356,-28.889999,-25.214000000000002,0.7975000000000001
A06047H,0.405,GGCAAGACCTTACGGAC,17,326,-34.91,-29.111000899999997,0.8352595155709344
A06003H,0.417,ATGCGAAGAACACT,14,713,-22.98,-20.3019996,0.8283673469387756
A06013HM,0.443,GTCAGGGGCTTATTA,15,448,-26.639999,-26.458999199999997,0.9455555555555556
A06031H,0.453,GCAAGACCTTACGGAC,16,326,-31.389999,-25.9009998,0.84984375
A06026H,0.532,TGGCTTGCAGGAATC,15,1096,-27.82,-27.49,0.75
A06006H,0.547,GCCATTCTTGTAGTC,15,22,-25.780001000000002,-24.9150003,0.9988888888888888
A06023HM,0.5920000000000001,TAAGCTTCCCGCAGG,15,1012,-30.370001000000002,-28.86200040000001,0.5988888888888889
A06051H,0.607,GAACTGAGCAGCATGTC,17,888,-32.23,-26.860000199999995,0.9708996539792388
A06014H,0.609,GAGAACAAAACGTCC,15,475,-25.73,-22.2959999,0.9722222222222222
A06036H,0.659,AATATATGCGAAGAAC,16,716,-22.65,-17.859000199999997,0.84984375
A06017H,0.777,AGGACGTCAAAGCAC,15,844,-27.84,-23.4969998,0.75
A06048H,0.789,GTTGGCAGTAAGGAACA,17,355,-30.790001,-26.241000199999995,0.7840484429065744
A06037H,0.858,CAGGACGTCAAAGCAC,16,844,-31.66,-26.8279995,0.73734375
A06049H,0.89,ACAAAACGTCCATGTTC,17,469,-28.200001,-24.63499980000001,0.9708996539792388
A06055H,1.091,CCGCAGGCCAGCATCAC,17,1002,-38.799999,-33.591999099999995,0.7259169550173011
neg1,1.118,CGTTTAGGCTATGTACTT,18,-1,-14.12,-26.351,0.96
A06007H,0.108,GATTGTCCAGGAGTT,15,50,-27.280001000000002,-26.5380001,0.9722222222222222
A06008H,0.187,CTCAACTCTTTCTCG,15,197,-27.030001000000002,-25.9389999,0.9722222222222222
A06030H,0.063,AGGCGCTGTGACTTGT,16,249,-31.709999,-29.447000199999998,0.98109375
A06035H,0.054000000000000006,AGTGTCCCGTTCTTGC,16,601,-31.360001,-29.476000400000004,0.894375
A06057H,0.154,GCGCTGTGACTTGT,14,249,-26.719998999999998,-26.1420002,0.996734693877551
A06058H,0.187,GCGCTGTGACTTGT,14,249,-26.719998999999998,-26.1420002,0.996734693877551
A06059H,0.249,GATTGTCCAGGAGTT,15,50,-27.280001000000002,-26.5380001,0.9722222222222222
A06060H,0.12,TGATTGTCCAGGAGT,15,51,-28.049999,-27.475000199999997,0.9722222222222222
A06061H,0.259,CTCAACTCTTTCTCG,15,197,-27.030001000000002,-25.9389999,0.9722222222222222
A06062H,0.084,AGGCGCTGTGACTTG,15,250,-29.85,-27.6869994,0.9722222222222222
A06063H,0.139,GTGTCCCGTTCTTGC,15,601,-29.889999,-28.618,0.91
A06064H,0.3720000000000001,GATTGTCCAGGAGTTT,16,49,-28.309998999999998,-27.2489999,0.98109375
A06065H,0.122,TGATTGTCCAGGAGTT,16,50,-29.059998999999998,-27.98,0.98109375
A06066H,0.203,TCTCAACTCTTTCTCG,16,197,-28.42,-27.058999700000005,0.98109375
A06067H,0.287,TTCTCAACTCTTTCTC,16,198,-25.799999,-25.22300000000001,0.994375
A06068H,0.155,AGGCGCTGTGACTTGT,16,249,-31.709999,-29.447000199999998,0.98109375
A06069H,0.163,AGTGTCCCGTTCTTGC,16,601,-31.360001,-29.476000400000004,0.894375
A06070H,0.317,GATTGTCCAGGAGTTTT,17,48,-29.34,-27.4639999,0.9708996539792388
A06071H,0.263,CTCAACTCTTTCTCGAA,17,195,-29.84,-27.704000099999995,0.9473702422145328
A06072H,0.55,CTCAACTCTTTCTCGAA,17,195,-29.84,-27.704000099999995,0.9473702422145328
S6,1.069,TCTATCGTGATGTTTCT,17,-1,-13.3,-25.889,0.96
